fname,fold,exist_labels
1.2.276.0.7230010.3.1.4.8323329.10001.1517875220.930580.png,4,0
1.2.276.0.7230010.3.1.4.8323329.10027.1517875221.30689.png,2,0
1.2.276.0.7230010.3.1.4.8323329.10030.1517875221.43821.png,2,0
1.2.276.0.7230010.3.1.4.8323329.10042.1517875221.699011.png,1,1
1.2.276.0.7230010.3.1.4.8323329.10044.1517875221.721779.png,1,0
1.2.276.0.7230010.3.1.4.8323329.10065.1517875221.814524.png,3,0
1.2.276.0.7230010.3.1.4.8323329.10066.1517875221.814660.png,2,0
1.2.276.0.7230010.3.1.4.8323329.10081.1517875221.868352.png,4,0
1.2.276.0.7230010.3.1.4.8323329.1009.1517875165.901384.png,3,0
1.2.276.0.7230010.3.1.4.8323329.10112.1517875222.161205.png,3,0
1.2.276.0.7230010.3.1.4.8323329.10113.1517875222.165075.png,0,0
1.2.276.0.7230010.3.1.4.8323329.1014.1517875165.916103.png,3,0
1.2.276.0.7230010.3.1.4.8323329.10142.1517875222.309665.png,0,0
1.2.276.0.7230010.3.1.4.8323329.1017.1517875165.920291.png,4,1
1.2.276.0.7230010.3.1.4.8323329.10172.1517875222.458627.png,4,0
1.2.276.0.7230010.3.1.4.8323329.10175.1517875222.467676.png,2,1
1.2.276.0.7230010.3.1.4.8323329.10176.1517875222.469649.png,1,0
1.2.276.0.7230010.3.1.4.8323329.10179.1517875222.489133.png,1,1
1.2.276.0.7230010.3.1.4.8323329.10197.1517875222.581234.png,3,1
1.2.276.0.7230010.3.1.4.8323329.10216.1517875222.661273.png,3,1
1.2.276.0.7230010.3.1.4.8323329.1024.1517875165.953650.png,4,0
1.2.276.0.7230010.3.1.4.8323329.10269.1517875222.913699.png,2,1
1.2.276.0.7230010.3.1.4.8323329.10271.1517875222.926896.png,1,0
1.2.276.0.7230010.3.1.4.8323329.10292.1517875222.809.png,2,0
1.2.276.0.7230010.3.1.4.8323329.10318.1517875223.123532.png,0,1
1.2.276.0.7230010.3.1.4.8323329.10321.1517875223.146502.png,3,0
1.2.276.0.7230010.3.1.4.8323329.10334.1517875223.206651.png,0,0
1.2.276.0.7230010.3.1.4.8323329.10338.1517875223.226784.png,3,0
1.2.276.0.7230010.3.1.4.8323329.1034.1517875166.8504.png,3,0
1.2.276.0.7230010.3.1.4.8323329.10345.1517875223.274580.png,0,0
1.2.276.0.7230010.3.1.4.8323329.10352.1517875223.321225.png,0,0
1.2.276.0.7230010.3.1.4.8323329.10372.1517875223.414390.png,1,0
1.2.276.0.7230010.3.1.4.8323329.10376.1517875223.429095.png,4,0
1.2.276.0.7230010.3.1.4.8323329.10378.1517875223.447947.png,4,1
1.2.276.0.7230010.3.1.4.8323329.10390.1517875223.490686.png,2,0
1.2.276.0.7230010.3.1.4.8323329.10392.1517875223.495133.png,1,1
1.2.276.0.7230010.3.1.4.8323329.10411.1517875223.585461.png,4,0
1.2.276.0.7230010.3.1.4.8323329.10421.1517875223.634376.png,1,0
1.2.276.0.7230010.3.1.4.8323329.10441.1517875223.739805.png,3,0
1.2.276.0.7230010.3.1.4.8323329.10464.1517875223.829669.png,3,1
1.2.276.0.7230010.3.1.4.8323329.1048.1517875166.56276.png,0,0
1.2.276.0.7230010.3.1.4.8323329.10485.1517875223.917033.png,3,0
1.2.276.0.7230010.3.1.4.8323329.10527.1517875224.130752.png,3,1
1.2.276.0.7230010.3.1.4.8323329.10535.1517875224.169960.png,2,0
1.2.276.0.7230010.3.1.4.8323329.10544.1517875224.213810.png,3,0
1.2.276.0.7230010.3.1.4.8323329.10547.1517875224.225673.png,1,0
1.2.276.0.7230010.3.1.4.8323329.10551.1517875224.237339.png,1,0
1.2.276.0.7230010.3.1.4.8323329.10559.1517875224.273587.png,4,0
1.2.276.0.7230010.3.1.4.8323329.10561.1517875224.274935.png,0,1
1.2.276.0.7230010.3.1.4.8323329.10568.1517875224.312784.png,2,0
1.2.276.0.7230010.3.1.4.8323329.10570.1517875224.334838.png,2,1
1.2.276.0.7230010.3.1.4.8323329.10575.1517875224.367392.png,2,0
1.2.276.0.7230010.3.1.4.8323329.10578.1517875224.387222.png,2,0
1.2.276.0.7230010.3.1.4.8323329.10596.1517875224.469006.png,0,0
1.2.276.0.7230010.3.1.4.8323329.10614.1517875224.551905.png,4,0
1.2.276.0.7230010.3.1.4.8323329.10627.1517875224.606582.png,1,1
1.2.276.0.7230010.3.1.4.8323329.10629.1517875224.621662.png,4,0
1.2.276.0.7230010.3.1.4.8323329.10640.1517875224.676817.png,1,0
1.2.276.0.7230010.3.1.4.8323329.10646.1517875224.719426.png,0,1
1.2.276.0.7230010.3.1.4.8323329.10649.1517875224.754724.png,1,0
1.2.276.0.7230010.3.1.4.8323329.10658.1517875224.950294.png,3,0
1.2.276.0.7230010.3.1.4.8323329.10673.1517875224.2651.png,4,0
1.2.276.0.7230010.3.1.4.8323329.10700.1517875225.146923.png,0,0
1.2.276.0.7230010.3.1.4.8323329.10722.1517875225.293697.png,0,0
1.2.276.0.7230010.3.1.4.8323329.1073.1517875166.186056.png,3,0
1.2.276.0.7230010.3.1.4.8323329.10730.1517875225.343511.png,3,0
1.2.276.0.7230010.3.1.4.8323329.10747.1517875225.441276.png,0,0
1.2.276.0.7230010.3.1.4.8323329.10780.1517875225.617448.png,2,0
1.2.276.0.7230010.3.1.4.8323329.10784.1517875225.617068.png,0,0
1.2.276.0.7230010.3.1.4.8323329.10788.1517875225.632041.png,2,0
1.2.276.0.7230010.3.1.4.8323329.10806.1517875225.697838.png,3,0
1.2.276.0.7230010.3.1.4.8323329.10816.1517875225.764150.png,2,0
1.2.276.0.7230010.3.1.4.8323329.10834.1517875225.849835.png,0,0
1.2.276.0.7230010.3.1.4.8323329.10848.1517875225.939482.png,0,0
1.2.276.0.7230010.3.1.4.8323329.10852.1517875225.962701.png,1,0
1.2.276.0.7230010.3.1.4.8323329.10862.1517875226.16660.png,1,1
1.2.276.0.7230010.3.1.4.8323329.10880.1517875226.95050.png,3,0
1.2.276.0.7230010.3.1.4.8323329.10882.1517875226.107529.png,1,1
1.2.276.0.7230010.3.1.4.8323329.10892.1517875226.143364.png,3,0
1.2.276.0.7230010.3.1.4.8323329.10893.1517875226.152299.png,3,0
1.2.276.0.7230010.3.1.4.8323329.10895.1517875226.164722.png,3,0
1.2.276.0.7230010.3.1.4.8323329.10907.1517875227.850816.png,0,1
1.2.276.0.7230010.3.1.4.8323329.1093.1517875166.300291.png,2,0
1.2.276.0.7230010.3.1.4.8323329.10932.1517875228.122259.png,1,0
1.2.276.0.7230010.3.1.4.8323329.10934.1517875228.144700.png,3,1
1.2.276.0.7230010.3.1.4.8323329.10939.1517875228.326904.png,2,0
1.2.276.0.7230010.3.1.4.8323329.10946.1517875228.400920.png,2,0
1.2.276.0.7230010.3.1.4.8323329.10949.1517875228.413117.png,0,0
1.2.276.0.7230010.3.1.4.8323329.10966.1517875228.762329.png,1,1
1.2.276.0.7230010.3.1.4.8323329.10967.1517875228.761681.png,2,0
1.2.276.0.7230010.3.1.4.8323329.10981.1517875229.52278.png,3,0
1.2.276.0.7230010.3.1.4.8323329.10983.1517875229.96645.png,3,0
1.2.276.0.7230010.3.1.4.8323329.10986.1517875229.172345.png,2,0
1.2.276.0.7230010.3.1.4.8323329.1104.1517875166.340777.png,1,0
1.2.276.0.7230010.3.1.4.8323329.11086.1517875230.954741.png,4,1
1.2.276.0.7230010.3.1.4.8323329.11100.1517875231.11279.png,4,0
1.2.276.0.7230010.3.1.4.8323329.11109.1517875231.212494.png,4,0
1.2.276.0.7230010.3.1.4.8323329.11118.1517875231.261716.png,1,0
1.2.276.0.7230010.3.1.4.8323329.11123.1517875231.282790.png,3,0
1.2.276.0.7230010.3.1.4.8323329.11133.1517875231.332951.png,2,0
1.2.276.0.7230010.3.1.4.8323329.11160.1517875231.459962.png,3,0
1.2.276.0.7230010.3.1.4.8323329.11163.1517875231.474826.png,3,0
1.2.276.0.7230010.3.1.4.8323329.11170.1517875231.513015.png,3,0
1.2.276.0.7230010.3.1.4.8323329.11175.1517875231.539824.png,0,1
1.2.276.0.7230010.3.1.4.8323329.11178.1517875231.586015.png,0,0
1.2.276.0.7230010.3.1.4.8323329.11187.1517875231.620018.png,4,0
1.2.276.0.7230010.3.1.4.8323329.11201.1517875231.687692.png,3,0
1.2.276.0.7230010.3.1.4.8323329.11202.1517875231.685743.png,3,0
1.2.276.0.7230010.3.1.4.8323329.11219.1517875231.788729.png,1,0
1.2.276.0.7230010.3.1.4.8323329.11245.1517875231.955731.png,1,0
1.2.276.0.7230010.3.1.4.8323329.11259.1517875232.14712.png,4,0
1.2.276.0.7230010.3.1.4.8323329.1127.1517875166.411178.png,3,0
1.2.276.0.7230010.3.1.4.8323329.11272.1517875232.76256.png,4,0
1.2.276.0.7230010.3.1.4.8323329.11287.1517875232.167752.png,3,0
1.2.276.0.7230010.3.1.4.8323329.11292.1517875232.184525.png,0,0
1.2.276.0.7230010.3.1.4.8323329.11298.1517875232.223009.png,3,0
1.2.276.0.7230010.3.1.4.8323329.11338.1517875232.452485.png,4,0
1.2.276.0.7230010.3.1.4.8323329.11351.1517875232.526960.png,4,0
1.2.276.0.7230010.3.1.4.8323329.11361.1517875232.587112.png,2,0
1.2.276.0.7230010.3.1.4.8323329.11375.1517875232.676429.png,2,0
1.2.276.0.7230010.3.1.4.8323329.11398.1517875232.769937.png,2,0
1.2.276.0.7230010.3.1.4.8323329.11399.1517875232.775791.png,2,0
1.2.276.0.7230010.3.1.4.8323329.11429.1517875232.899732.png,2,0
1.2.276.0.7230010.3.1.4.8323329.11445.1517875232.983200.png,0,0
1.2.276.0.7230010.3.1.4.8323329.11455.1517875233.24365.png,1,0
1.2.276.0.7230010.3.1.4.8323329.11466.1517875233.83054.png,4,0
1.2.276.0.7230010.3.1.4.8323329.11472.1517875233.106001.png,4,0
1.2.276.0.7230010.3.1.4.8323329.11479.1517875233.133428.png,3,0
1.2.276.0.7230010.3.1.4.8323329.11500.1517875233.226977.png,3,0
1.2.276.0.7230010.3.1.4.8323329.11507.1517875233.257403.png,0,0
1.2.276.0.7230010.3.1.4.8323329.11516.1517875233.300096.png,3,0
1.2.276.0.7230010.3.1.4.8323329.11524.1517875233.358111.png,2,1
1.2.276.0.7230010.3.1.4.8323329.1154.1517875166.500614.png,3,0
1.2.276.0.7230010.3.1.4.8323329.11550.1517875233.567414.png,4,0
1.2.276.0.7230010.3.1.4.8323329.11551.1517875233.572495.png,0,0
1.2.276.0.7230010.3.1.4.8323329.11554.1517875233.580887.png,2,1
1.2.276.0.7230010.3.1.4.8323329.11558.1517875233.603025.png,1,0
1.2.276.0.7230010.3.1.4.8323329.11568.1517875233.658294.png,4,0
1.2.276.0.7230010.3.1.4.8323329.11579.1517875233.706067.png,3,0
1.2.276.0.7230010.3.1.4.8323329.1162.1517875166.537365.png,1,0
1.2.276.0.7230010.3.1.4.8323329.11632.1517875234.17040.png,3,0
1.2.276.0.7230010.3.1.4.8323329.11636.1517875234.38826.png,0,0
1.2.276.0.7230010.3.1.4.8323329.11638.1517875234.50689.png,2,0
1.2.276.0.7230010.3.1.4.8323329.11640.1517875234.57061.png,0,0
1.2.276.0.7230010.3.1.4.8323329.11643.1517875234.81576.png,1,0
1.2.276.0.7230010.3.1.4.8323329.11647.1517875234.109150.png,3,0
1.2.276.0.7230010.3.1.4.8323329.11660.1517875234.179406.png,1,0
1.2.276.0.7230010.3.1.4.8323329.11661.1517875234.195400.png,2,0
1.2.276.0.7230010.3.1.4.8323329.11700.1517875234.361897.png,2,0
1.2.276.0.7230010.3.1.4.8323329.11708.1517875234.399613.png,4,0
1.2.276.0.7230010.3.1.4.8323329.11710.1517875234.420424.png,4,0
1.2.276.0.7230010.3.1.4.8323329.11721.1517875234.471809.png,2,0
1.2.276.0.7230010.3.1.4.8323329.11726.1517875234.501393.png,4,0
1.2.276.0.7230010.3.1.4.8323329.11733.1517875234.529860.png,3,0
1.2.276.0.7230010.3.1.4.8323329.1174.1517875166.639867.png,0,0
1.2.276.0.7230010.3.1.4.8323329.11743.1517875234.555676.png,3,0
1.2.276.0.7230010.3.1.4.8323329.11746.1517875234.573361.png,2,0
1.2.276.0.7230010.3.1.4.8323329.1175.1517875166.658868.png,0,0
1.2.276.0.7230010.3.1.4.8323329.11761.1517875234.645905.png,2,0
1.2.276.0.7230010.3.1.4.8323329.11768.1517875234.713828.png,2,0
1.2.276.0.7230010.3.1.4.8323329.11779.1517875234.756127.png,4,0
1.2.276.0.7230010.3.1.4.8323329.11781.1517875234.774593.png,3,0
1.2.276.0.7230010.3.1.4.8323329.1179.1517875166.661223.png,3,0
1.2.276.0.7230010.3.1.4.8323329.11798.1517875234.913352.png,0,1
1.2.276.0.7230010.3.1.4.8323329.11800.1517875234.914439.png,0,0
1.2.276.0.7230010.3.1.4.8323329.11803.1517875234.931932.png,4,0
1.2.276.0.7230010.3.1.4.8323329.11806.1517875235.13448.png,1,0
1.2.276.0.7230010.3.1.4.8323329.11807.1517875235.117776.png,3,1
1.2.276.0.7230010.3.1.4.8323329.11811.1517875235.149039.png,2,0
1.2.276.0.7230010.3.1.4.8323329.11830.1517875235.891640.png,2,0
1.2.276.0.7230010.3.1.4.8323329.11864.1517875236.86380.png,1,0
1.2.276.0.7230010.3.1.4.8323329.11866.1517875236.100668.png,2,0
1.2.276.0.7230010.3.1.4.8323329.11873.1517875236.136156.png,4,0
1.2.276.0.7230010.3.1.4.8323329.11876.1517875236.143591.png,3,0
1.2.276.0.7230010.3.1.4.8323329.11894.1517875236.340654.png,2,0
1.2.276.0.7230010.3.1.4.8323329.11903.1517875236.369741.png,4,0
1.2.276.0.7230010.3.1.4.8323329.11924.1517875236.477550.png,3,1
1.2.276.0.7230010.3.1.4.8323329.11926.1517875236.503616.png,4,0
1.2.276.0.7230010.3.1.4.8323329.11943.1517875236.566279.png,0,1
1.2.276.0.7230010.3.1.4.8323329.11952.1517875236.609559.png,3,0
1.2.276.0.7230010.3.1.4.8323329.11955.1517875236.609790.png,3,0
1.2.276.0.7230010.3.1.4.8323329.11957.1517875236.632279.png,1,1
1.2.276.0.7230010.3.1.4.8323329.11963.1517875236.660471.png,0,0
1.2.276.0.7230010.3.1.4.8323329.11979.1517875236.734008.png,1,0
1.2.276.0.7230010.3.1.4.8323329.11989.1517875236.784229.png,0,0
1.2.276.0.7230010.3.1.4.8323329.11999.1517875236.843054.png,4,0
1.2.276.0.7230010.3.1.4.8323329.12010.1517875236.883979.png,1,0
1.2.276.0.7230010.3.1.4.8323329.12015.1517875236.910316.png,3,0
1.2.276.0.7230010.3.1.4.8323329.12039.1517875237.59798.png,0,1
1.2.276.0.7230010.3.1.4.8323329.12040.1517875237.58998.png,4,0
1.2.276.0.7230010.3.1.4.8323329.12077.1517875237.256625.png,3,0
1.2.276.0.7230010.3.1.4.8323329.12088.1517875237.296480.png,4,0
1.2.276.0.7230010.3.1.4.8323329.12110.1517875237.432879.png,3,0
1.2.276.0.7230010.3.1.4.8323329.12115.1517875237.449310.png,2,0
1.2.276.0.7230010.3.1.4.8323329.12128.1517875237.555681.png,3,0
1.2.276.0.7230010.3.1.4.8323329.1213.1517875166.807170.png,2,0
1.2.276.0.7230010.3.1.4.8323329.12142.1517875237.650986.png,0,0
1.2.276.0.7230010.3.1.4.8323329.12143.1517875237.684007.png,4,1
1.2.276.0.7230010.3.1.4.8323329.12151.1517875237.705245.png,4,0
1.2.276.0.7230010.3.1.4.8323329.12164.1517875237.801121.png,3,0
1.2.276.0.7230010.3.1.4.8323329.12184.1517875237.875180.png,1,0
1.2.276.0.7230010.3.1.4.8323329.12186.1517875237.882449.png,4,0
1.2.276.0.7230010.3.1.4.8323329.12189.1517875237.884971.png,2,0
1.2.276.0.7230010.3.1.4.8323329.12194.1517875237.906606.png,3,0
1.2.276.0.7230010.3.1.4.8323329.12195.1517875237.907994.png,0,0
1.2.276.0.7230010.3.1.4.8323329.12200.1517875237.936349.png,4,0
1.2.276.0.7230010.3.1.4.8323329.12210.1517875237.978284.png,4,0
1.2.276.0.7230010.3.1.4.8323329.12221.1517875238.40889.png,1,0
1.2.276.0.7230010.3.1.4.8323329.12257.1517875238.251622.png,0,0
1.2.276.0.7230010.3.1.4.8323329.12264.1517875238.303916.png,1,1
1.2.276.0.7230010.3.1.4.8323329.12277.1517875238.363978.png,1,1
1.2.276.0.7230010.3.1.4.8323329.12289.1517875238.398488.png,0,0
1.2.276.0.7230010.3.1.4.8323329.12294.1517875238.418455.png,4,1
1.2.276.0.7230010.3.1.4.8323329.12295.1517875238.429632.png,4,0
1.2.276.0.7230010.3.1.4.8323329.12299.1517875238.450255.png,1,0
1.2.276.0.7230010.3.1.4.8323329.12305.1517875238.471535.png,3,0
1.2.276.0.7230010.3.1.4.8323329.12309.1517875238.486859.png,4,0
1.2.276.0.7230010.3.1.4.8323329.1231.1517875166.883143.png,2,0
1.2.276.0.7230010.3.1.4.8323329.12329.1517875238.606742.png,0,0
1.2.276.0.7230010.3.1.4.8323329.12330.1517875238.612652.png,0,0
1.2.276.0.7230010.3.1.4.8323329.12337.1517875238.650635.png,4,0
1.2.276.0.7230010.3.1.4.8323329.12368.1517875238.845224.png,0,0
1.2.276.0.7230010.3.1.4.8323329.12387.1517875238.906448.png,3,0
1.2.276.0.7230010.3.1.4.8323329.12433.1517875239.99829.png,2,0
1.2.276.0.7230010.3.1.4.8323329.12439.1517875239.122846.png,3,0
1.2.276.0.7230010.3.1.4.8323329.12454.1517875239.191587.png,2,0
1.2.276.0.7230010.3.1.4.8323329.12455.1517875239.199904.png,4,1
1.2.276.0.7230010.3.1.4.8323329.12471.1517875239.266523.png,1,0
1.2.276.0.7230010.3.1.4.8323329.12478.1517875239.296464.png,0,0
1.2.276.0.7230010.3.1.4.8323329.12485.1517875239.347515.png,1,0
1.2.276.0.7230010.3.1.4.8323329.12501.1517875239.415750.png,3,0
1.2.276.0.7230010.3.1.4.8323329.12504.1517875239.433651.png,3,0
1.2.276.0.7230010.3.1.4.8323329.12508.1517875239.466672.png,0,0
1.2.276.0.7230010.3.1.4.8323329.12512.1517875239.479876.png,0,0
1.2.276.0.7230010.3.1.4.8323329.12513.1517875239.507928.png,2,0
1.2.276.0.7230010.3.1.4.8323329.12543.1517875239.640481.png,1,0
1.2.276.0.7230010.3.1.4.8323329.12545.1517875239.646326.png,4,0
1.2.276.0.7230010.3.1.4.8323329.12556.1517875239.694028.png,3,0
1.2.276.0.7230010.3.1.4.8323329.12579.1517875239.881168.png,4,0
1.2.276.0.7230010.3.1.4.8323329.12594.1517875239.947040.png,0,0
1.2.276.0.7230010.3.1.4.8323329.12597.1517875239.995888.png,4,1
1.2.276.0.7230010.3.1.4.8323329.1260.1517875167.4831.png,4,0
1.2.276.0.7230010.3.1.4.8323329.12606.1517875240.99498.png,1,0
1.2.276.0.7230010.3.1.4.8323329.12633.1517875240.756474.png,1,0
1.2.276.0.7230010.3.1.4.8323329.1264.1517875167.17680.png,0,0
1.2.276.0.7230010.3.1.4.8323329.12646.1517875240.956485.png,1,0
1.2.276.0.7230010.3.1.4.8323329.12659.1517875241.20462.png,0,0
1.2.276.0.7230010.3.1.4.8323329.1267.1517875167.42813.png,4,0
1.2.276.0.7230010.3.1.4.8323329.12672.1517875241.65878.png,0,0
1.2.276.0.7230010.3.1.4.8323329.12691.1517875241.199034.png,0,0
1.2.276.0.7230010.3.1.4.8323329.12718.1517875241.304950.png,3,0
1.2.276.0.7230010.3.1.4.8323329.12721.1517875241.338312.png,2,1
1.2.276.0.7230010.3.1.4.8323329.12735.1517875241.549576.png,1,0
1.2.276.0.7230010.3.1.4.8323329.12745.1517875241.608863.png,3,0
1.2.276.0.7230010.3.1.4.8323329.12747.1517875241.618058.png,3,1
1.2.276.0.7230010.3.1.4.8323329.12765.1517875241.698422.png,3,0
1.2.276.0.7230010.3.1.4.8323329.12811.1517875241.982150.png,0,0
1.2.276.0.7230010.3.1.4.8323329.1282.1517875167.114379.png,1,0
1.2.276.0.7230010.3.1.4.8323329.12823.1517875242.18219.png,2,0
1.2.276.0.7230010.3.1.4.8323329.12834.1517875242.76055.png,1,0
1.2.276.0.7230010.3.1.4.8323329.12836.1517875242.91894.png,0,0
1.2.276.0.7230010.3.1.4.8323329.12851.1517875242.169198.png,3,0
1.2.276.0.7230010.3.1.4.8323329.12853.1517875242.182185.png,1,1
1.2.276.0.7230010.3.1.4.8323329.12877.1517875242.319298.png,2,1
1.2.276.0.7230010.3.1.4.8323329.12879.1517875242.339686.png,4,1
1.2.276.0.7230010.3.1.4.8323329.12891.1517875242.394482.png,1,0
1.2.276.0.7230010.3.1.4.8323329.1290.1517875167.145267.png,0,0
1.2.276.0.7230010.3.1.4.8323329.12915.1517875242.517959.png,4,0
1.2.276.0.7230010.3.1.4.8323329.12950.1517875242.675749.png,4,0
1.2.276.0.7230010.3.1.4.8323329.12951.1517875242.686876.png,4,0
1.2.276.0.7230010.3.1.4.8323329.12956.1517875242.701730.png,1,1
1.2.276.0.7230010.3.1.4.8323329.12957.1517875242.714528.png,4,0
1.2.276.0.7230010.3.1.4.8323329.12967.1517875242.776728.png,0,0
1.2.276.0.7230010.3.1.4.8323329.12976.1517875242.834155.png,4,0
1.2.276.0.7230010.3.1.4.8323329.12989.1517875242.904176.png,3,0
1.2.276.0.7230010.3.1.4.8323329.13003.1517875242.959783.png,2,1
1.2.276.0.7230010.3.1.4.8323329.13007.1517875242.997197.png,4,0
1.2.276.0.7230010.3.1.4.8323329.13031.1517875243.197108.png,4,0
1.2.276.0.7230010.3.1.4.8323329.13036.1517875243.233212.png,1,0
1.2.276.0.7230010.3.1.4.8323329.13069.1517875243.404348.png,3,0
1.2.276.0.7230010.3.1.4.8323329.13076.1517875243.444620.png,0,0
1.2.276.0.7230010.3.1.4.8323329.13094.1517875243.559528.png,1,1
1.2.276.0.7230010.3.1.4.8323329.13095.1517875243.587619.png,0,0
1.2.276.0.7230010.3.1.4.8323329.13111.1517875243.680618.png,2,0
1.2.276.0.7230010.3.1.4.8323329.1312.1517875167.216527.png,1,0
1.2.276.0.7230010.3.1.4.8323329.13120.1517875243.751387.png,1,1
1.2.276.0.7230010.3.1.4.8323329.13126.1517875243.775075.png,1,0
1.2.276.0.7230010.3.1.4.8323329.13147.1517875243.883085.png,0,0
1.2.276.0.7230010.3.1.4.8323329.13162.1517875243.950980.png,2,0
1.2.276.0.7230010.3.1.4.8323329.13168.1517875243.969043.png,2,0
1.2.276.0.7230010.3.1.4.8323329.13184.1517875244.51511.png,2,0
1.2.276.0.7230010.3.1.4.8323329.13186.1517875244.52215.png,0,0
1.2.276.0.7230010.3.1.4.8323329.13213.1517875244.163178.png,4,0
1.2.276.0.7230010.3.1.4.8323329.13242.1517875244.317884.png,3,0
1.2.276.0.7230010.3.1.4.8323329.13249.1517875244.341756.png,0,0
1.2.276.0.7230010.3.1.4.8323329.13250.1517875244.350969.png,2,0
1.2.276.0.7230010.3.1.4.8323329.13257.1517875244.388069.png,0,0
1.2.276.0.7230010.3.1.4.8323329.13259.1517875244.388147.png,1,1
1.2.276.0.7230010.3.1.4.8323329.13267.1517875244.426079.png,1,1
1.2.276.0.7230010.3.1.4.8323329.13286.1517875244.519570.png,4,0
1.2.276.0.7230010.3.1.4.8323329.13290.1517875244.527622.png,0,0
1.2.276.0.7230010.3.1.4.8323329.13299.1517875244.553334.png,4,0
1.2.276.0.7230010.3.1.4.8323329.13302.1517875244.575353.png,1,0
1.2.276.0.7230010.3.1.4.8323329.13322.1517875244.666217.png,4,1
1.2.276.0.7230010.3.1.4.8323329.13329.1517875244.668755.png,0,0
1.2.276.0.7230010.3.1.4.8323329.13337.1517875244.699840.png,0,0
1.2.276.0.7230010.3.1.4.8323329.13349.1517875244.753605.png,3,0
1.2.276.0.7230010.3.1.4.8323329.13353.1517875244.792721.png,2,1
1.2.276.0.7230010.3.1.4.8323329.13355.1517875244.795678.png,2,0
1.2.276.0.7230010.3.1.4.8323329.13357.1517875244.811168.png,1,0
1.2.276.0.7230010.3.1.4.8323329.1337.1517875167.297636.png,3,1
1.2.276.0.7230010.3.1.4.8323329.13376.1517875244.928378.png,3,0
1.2.276.0.7230010.3.1.4.8323329.13377.1517875244.929156.png,1,0
1.2.276.0.7230010.3.1.4.8323329.13387.1517875245.89797.png,3,1
1.2.276.0.7230010.3.1.4.8323329.13396.1517875245.121932.png,2,0
1.2.276.0.7230010.3.1.4.8323329.13398.1517875245.148982.png,4,0
1.2.276.0.7230010.3.1.4.8323329.13409.1517875245.177891.png,1,0
1.2.276.0.7230010.3.1.4.8323329.13414.1517875245.204513.png,4,0
1.2.276.0.7230010.3.1.4.8323329.13438.1517875245.327302.png,1,1
1.2.276.0.7230010.3.1.4.8323329.13439.1517875245.328664.png,1,1
1.2.276.0.7230010.3.1.4.8323329.1346.1517875167.332993.png,0,0
1.2.276.0.7230010.3.1.4.8323329.13464.1517875245.446334.png,1,0
1.2.276.0.7230010.3.1.4.8323329.13465.1517875245.453653.png,0,1
1.2.276.0.7230010.3.1.4.8323329.13480.1517875245.508760.png,2,0
1.2.276.0.7230010.3.1.4.8323329.13489.1517875245.560399.png,2,0
1.2.276.0.7230010.3.1.4.8323329.13501.1517875245.598547.png,0,0
1.2.276.0.7230010.3.1.4.8323329.13508.1517875245.795841.png,3,0
1.2.276.0.7230010.3.1.4.8323329.1351.1517875167.356604.png,4,0
1.2.276.0.7230010.3.1.4.8323329.13510.1517875245.849954.png,2,1
1.2.276.0.7230010.3.1.4.8323329.13513.1517875246.27434.png,0,1
1.2.276.0.7230010.3.1.4.8323329.13522.1517875246.427909.png,0,0
1.2.276.0.7230010.3.1.4.8323329.13525.1517875246.457830.png,0,0
1.2.276.0.7230010.3.1.4.8323329.13529.1517875246.484933.png,3,0
1.2.276.0.7230010.3.1.4.8323329.13530.1517875246.476557.png,2,0
1.2.276.0.7230010.3.1.4.8323329.13536.1517875246.512961.png,0,0
1.2.276.0.7230010.3.1.4.8323329.13543.1517875246.544790.png,0,0
1.2.276.0.7230010.3.1.4.8323329.13545.1517875246.567604.png,3,0
1.2.276.0.7230010.3.1.4.8323329.13549.1517875246.580868.png,4,0
1.2.276.0.7230010.3.1.4.8323329.13552.1517875246.585918.png,3,0
1.2.276.0.7230010.3.1.4.8323329.13591.1517875246.778672.png,4,0
1.2.276.0.7230010.3.1.4.8323329.13600.1517875246.823703.png,2,1
1.2.276.0.7230010.3.1.4.8323329.13610.1517875246.851338.png,1,1
1.2.276.0.7230010.3.1.4.8323329.13629.1517875246.933174.png,1,0
1.2.276.0.7230010.3.1.4.8323329.13638.1517875246.984489.png,3,0
1.2.276.0.7230010.3.1.4.8323329.13647.1517875247.28562.png,4,0
1.2.276.0.7230010.3.1.4.8323329.1366.1517875167.409983.png,3,1
1.2.276.0.7230010.3.1.4.8323329.13668.1517875247.129857.png,1,1
1.2.276.0.7230010.3.1.4.8323329.13670.1517875247.130398.png,3,0
1.2.276.0.7230010.3.1.4.8323329.13684.1517875247.213718.png,4,1
1.2.276.0.7230010.3.1.4.8323329.1370.1517875167.425534.png,1,0
1.2.276.0.7230010.3.1.4.8323329.13700.1517875247.291282.png,0,0
1.2.276.0.7230010.3.1.4.8323329.13702.1517875247.287688.png,3,0
1.2.276.0.7230010.3.1.4.8323329.13704.1517875247.297857.png,0,0
1.2.276.0.7230010.3.1.4.8323329.13709.1517875247.318659.png,1,1
1.2.276.0.7230010.3.1.4.8323329.13714.1517875247.346992.png,2,0
1.2.276.0.7230010.3.1.4.8323329.13719.1517875247.372338.png,2,1
1.2.276.0.7230010.3.1.4.8323329.13746.1517875247.710633.png,0,0
1.2.276.0.7230010.3.1.4.8323329.1377.1517875167.449611.png,3,0
1.2.276.0.7230010.3.1.4.8323329.13789.1517875247.946630.png,1,0
1.2.276.0.7230010.3.1.4.8323329.13792.1517875247.974682.png,0,0
1.2.276.0.7230010.3.1.4.8323329.13802.1517875248.15364.png,0,0
1.2.276.0.7230010.3.1.4.8323329.13806.1517875248.36205.png,0,0
1.2.276.0.7230010.3.1.4.8323329.13835.1517875248.206025.png,4,0
1.2.276.0.7230010.3.1.4.8323329.1384.1517875167.488837.png,1,0
1.2.276.0.7230010.3.1.4.8323329.13841.1517875248.231860.png,1,0
1.2.276.0.7230010.3.1.4.8323329.13847.1517875248.270839.png,1,1
1.2.276.0.7230010.3.1.4.8323329.1385.1517875167.491494.png,4,0
1.2.276.0.7230010.3.1.4.8323329.13855.1517875248.325026.png,0,0
1.2.276.0.7230010.3.1.4.8323329.13856.1517875248.341735.png,4,0
1.2.276.0.7230010.3.1.4.8323329.13863.1517875248.366886.png,3,0
1.2.276.0.7230010.3.1.4.8323329.13869.1517875248.401829.png,1,0
1.2.276.0.7230010.3.1.4.8323329.13871.1517875248.413301.png,2,0
1.2.276.0.7230010.3.1.4.8323329.13903.1517875248.596052.png,3,0
1.2.276.0.7230010.3.1.4.8323329.13908.1517875248.601904.png,4,0
1.2.276.0.7230010.3.1.4.8323329.13912.1517875248.622658.png,4,0
1.2.276.0.7230010.3.1.4.8323329.13921.1517875248.648276.png,2,0
1.2.276.0.7230010.3.1.4.8323329.13933.1517875248.726009.png,1,0
1.2.276.0.7230010.3.1.4.8323329.13949.1517875248.810438.png,1,1
1.2.276.0.7230010.3.1.4.8323329.13966.1517875248.888551.png,3,0
1.2.276.0.7230010.3.1.4.8323329.13969.1517875248.904560.png,3,0
1.2.276.0.7230010.3.1.4.8323329.13973.1517875248.915970.png,3,0
1.2.276.0.7230010.3.1.4.8323329.13988.1517875248.991249.png,0,0
1.2.276.0.7230010.3.1.4.8323329.13993.1517875249.34829.png,2,0
1.2.276.0.7230010.3.1.4.8323329.14005.1517875249.97107.png,2,0
1.2.276.0.7230010.3.1.4.8323329.14012.1517875249.127099.png,1,0
1.2.276.0.7230010.3.1.4.8323329.14037.1517875249.269889.png,3,0
1.2.276.0.7230010.3.1.4.8323329.1404.1517875167.584435.png,0,0
1.2.276.0.7230010.3.1.4.8323329.1405.1517875167.586281.png,0,0
1.2.276.0.7230010.3.1.4.8323329.14058.1517875249.398513.png,0,0
1.2.276.0.7230010.3.1.4.8323329.14077.1517875249.517899.png,1,0
1.2.276.0.7230010.3.1.4.8323329.14098.1517875249.625389.png,4,1
1.2.276.0.7230010.3.1.4.8323329.14121.1517875249.712674.png,4,0
1.2.276.0.7230010.3.1.4.8323329.14182.1517875250.140797.png,0,0
1.2.276.0.7230010.3.1.4.8323329.14221.1517875250.290770.png,4,0
1.2.276.0.7230010.3.1.4.8323329.14230.1517875250.340645.png,3,0
1.2.276.0.7230010.3.1.4.8323329.14234.1517875250.359866.png,3,0
1.2.276.0.7230010.3.1.4.8323329.14257.1517875250.451397.png,4,0
1.2.276.0.7230010.3.1.4.8323329.14276.1517875250.535237.png,4,0
1.2.276.0.7230010.3.1.4.8323329.14277.1517875250.538611.png,2,0
1.2.276.0.7230010.3.1.4.8323329.1428.1517875167.716914.png,0,0
1.2.276.0.7230010.3.1.4.8323329.14281.1517875250.561132.png,3,0
1.2.276.0.7230010.3.1.4.8323329.14287.1517875250.582662.png,4,0
1.2.276.0.7230010.3.1.4.8323329.14291.1517875250.601305.png,4,0
1.2.276.0.7230010.3.1.4.8323329.14292.1517875250.605080.png,2,0
1.2.276.0.7230010.3.1.4.8323329.14334.1517875251.367307.png,4,1
1.2.276.0.7230010.3.1.4.8323329.14351.1517875251.481169.png,3,1
1.2.276.0.7230010.3.1.4.8323329.14367.1517875251.770073.png,4,1
1.2.276.0.7230010.3.1.4.8323329.14377.1517875251.815822.png,4,0
1.2.276.0.7230010.3.1.4.8323329.14401.1517875251.918395.png,1,1
1.2.276.0.7230010.3.1.4.8323329.14402.1517875251.927679.png,1,0
1.2.276.0.7230010.3.1.4.8323329.14411.1517875251.964001.png,0,1
1.2.276.0.7230010.3.1.4.8323329.14426.1517875252.68865.png,2,0
1.2.276.0.7230010.3.1.4.8323329.14432.1517875252.85565.png,0,0
1.2.276.0.7230010.3.1.4.8323329.14443.1517875252.137038.png,3,0
1.2.276.0.7230010.3.1.4.8323329.14463.1517875252.224423.png,2,0
1.2.276.0.7230010.3.1.4.8323329.14464.1517875252.243762.png,2,1
1.2.276.0.7230010.3.1.4.8323329.14470.1517875252.254104.png,4,0
1.2.276.0.7230010.3.1.4.8323329.14475.1517875252.268453.png,1,0
1.2.276.0.7230010.3.1.4.8323329.1448.1517875167.844062.png,4,0
1.2.276.0.7230010.3.1.4.8323329.14499.1517875252.406468.png,1,0
1.2.276.0.7230010.3.1.4.8323329.14503.1517875252.422268.png,4,0
1.2.276.0.7230010.3.1.4.8323329.14506.1517875252.438292.png,3,0
1.2.276.0.7230010.3.1.4.8323329.14511.1517875252.461370.png,0,0
1.2.276.0.7230010.3.1.4.8323329.14512.1517875252.450417.png,3,0
1.2.276.0.7230010.3.1.4.8323329.14524.1517875252.533817.png,2,0
1.2.276.0.7230010.3.1.4.8323329.14544.1517875252.646836.png,4,0
1.2.276.0.7230010.3.1.4.8323329.14546.1517875252.633721.png,0,0
1.2.276.0.7230010.3.1.4.8323329.14549.1517875252.649346.png,2,0
1.2.276.0.7230010.3.1.4.8323329.14565.1517875252.728806.png,3,1
1.2.276.0.7230010.3.1.4.8323329.1458.1517875167.901278.png,4,1
1.2.276.0.7230010.3.1.4.8323329.14584.1517875252.832769.png,4,0
1.2.276.0.7230010.3.1.4.8323329.14589.1517875252.859986.png,3,0
1.2.276.0.7230010.3.1.4.8323329.14605.1517875253.25162.png,4,1
1.2.276.0.7230010.3.1.4.8323329.14608.1517875253.48724.png,4,1
1.2.276.0.7230010.3.1.4.8323329.1483.1517875168.34732.png,2,0
1.2.276.0.7230010.3.1.4.8323329.1502.1517875168.140307.png,2,0
1.2.276.0.7230010.3.1.4.8323329.1510.1517875168.169329.png,4,0
1.2.276.0.7230010.3.1.4.8323329.1520.1517875168.210173.png,1,0
1.2.276.0.7230010.3.1.4.8323329.1521.1517875168.213792.png,1,1
1.2.276.0.7230010.3.1.4.8323329.1525.1517875168.230589.png,4,0
1.2.276.0.7230010.3.1.4.8323329.1536.1517875168.273817.png,4,0
1.2.276.0.7230010.3.1.4.8323329.1540.1517875168.296187.png,0,0
1.2.276.0.7230010.3.1.4.8323329.1548.1517875168.338547.png,3,0
1.2.276.0.7230010.3.1.4.8323329.1551.1517875168.374267.png,1,0
1.2.276.0.7230010.3.1.4.8323329.1552.1517875168.374425.png,0,1
1.2.276.0.7230010.3.1.4.8323329.1565.1517875168.431703.png,1,0
1.2.276.0.7230010.3.1.4.8323329.1567.1517875168.435203.png,1,0
1.2.276.0.7230010.3.1.4.8323329.1578.1517875168.477050.png,0,0
1.2.276.0.7230010.3.1.4.8323329.1599.1517875168.549263.png,3,0
1.2.276.0.7230010.3.1.4.8323329.1600.1517875168.549461.png,3,0
1.2.276.0.7230010.3.1.4.8323329.1601.1517875168.546118.png,1,0
1.2.276.0.7230010.3.1.4.8323329.1609.1517875168.574978.png,1,0
1.2.276.0.7230010.3.1.4.8323329.1615.1517875168.605213.png,2,0
1.2.276.0.7230010.3.1.4.8323329.1626.1517875168.632174.png,3,1
1.2.276.0.7230010.3.1.4.8323329.1628.1517875168.635098.png,4,0
1.2.276.0.7230010.3.1.4.8323329.1652.1517875168.768278.png,1,0
1.2.276.0.7230010.3.1.4.8323329.1655.1517875168.771407.png,3,0
1.2.276.0.7230010.3.1.4.8323329.1660.1517875168.792780.png,3,0
1.2.276.0.7230010.3.1.4.8323329.1667.1517875168.835418.png,2,1
1.2.276.0.7230010.3.1.4.8323329.1700.1517875169.6934.png,3,1
1.2.276.0.7230010.3.1.4.8323329.1707.1517875169.58985.png,0,0
1.2.276.0.7230010.3.1.4.8323329.1713.1517875169.64948.png,3,1
1.2.276.0.7230010.3.1.4.8323329.1740.1517875169.196588.png,1,0
1.2.276.0.7230010.3.1.4.8323329.1765.1517875169.319458.png,0,0
1.2.276.0.7230010.3.1.4.8323329.1785.1517875169.410238.png,4,0
1.2.276.0.7230010.3.1.4.8323329.1793.1517875169.575210.png,1,0
1.2.276.0.7230010.3.1.4.8323329.1818.1517875169.722752.png,2,0
1.2.276.0.7230010.3.1.4.8323329.1821.1517875169.736963.png,2,1
1.2.276.0.7230010.3.1.4.8323329.1823.1517875169.745071.png,1,1
1.2.276.0.7230010.3.1.4.8323329.1829.1517875169.791045.png,0,0
1.2.276.0.7230010.3.1.4.8323329.1836.1517875169.847652.png,2,0
1.2.276.0.7230010.3.1.4.8323329.1837.1517875169.851397.png,1,0
1.2.276.0.7230010.3.1.4.8323329.1843.1517875169.887148.png,3,0
1.2.276.0.7230010.3.1.4.8323329.1862.1517875169.955832.png,2,0
1.2.276.0.7230010.3.1.4.8323329.1866.1517875169.969507.png,1,0
1.2.276.0.7230010.3.1.4.8323329.1880.1517875170.73719.png,4,0
1.2.276.0.7230010.3.1.4.8323329.1887.1517875170.118095.png,4,0
1.2.276.0.7230010.3.1.4.8323329.1894.1517875170.126165.png,2,0
1.2.276.0.7230010.3.1.4.8323329.1905.1517875170.179066.png,4,0
1.2.276.0.7230010.3.1.4.8323329.1919.1517875170.233889.png,4,0
1.2.276.0.7230010.3.1.4.8323329.1924.1517875170.261707.png,2,0
1.2.276.0.7230010.3.1.4.8323329.1925.1517875170.268826.png,1,0
1.2.276.0.7230010.3.1.4.8323329.1949.1517875170.390589.png,1,0
1.2.276.0.7230010.3.1.4.8323329.1952.1517875170.398574.png,4,1
1.2.276.0.7230010.3.1.4.8323329.1957.1517875170.418065.png,2,1
1.2.276.0.7230010.3.1.4.8323329.1965.1517875170.455195.png,3,0
1.2.276.0.7230010.3.1.4.8323329.1972.1517875170.492058.png,1,0
1.2.276.0.7230010.3.1.4.8323329.1990.1517875170.595364.png,0,0
1.2.276.0.7230010.3.1.4.8323329.1994.1517875170.612469.png,0,0
1.2.276.0.7230010.3.1.4.8323329.1996.1517875170.620569.png,3,0
1.2.276.0.7230010.3.1.4.8323329.2004.1517875170.650800.png,1,0
1.2.276.0.7230010.3.1.4.8323329.2006.1517875170.660159.png,0,0
1.2.276.0.7230010.3.1.4.8323329.2013.1517875170.692242.png,4,0
1.2.276.0.7230010.3.1.4.8323329.2022.1517875170.745807.png,4,1
1.2.276.0.7230010.3.1.4.8323329.2034.1517875170.825136.png,2,1
1.2.276.0.7230010.3.1.4.8323329.2041.1517875170.848284.png,0,0
1.2.276.0.7230010.3.1.4.8323329.2047.1517875170.862819.png,3,0
1.2.276.0.7230010.3.1.4.8323329.2069.1517875170.994784.png,1,0
1.2.276.0.7230010.3.1.4.8323329.2070.1517875171.6226.png,1,0
1.2.276.0.7230010.3.1.4.8323329.2095.1517875171.132191.png,1,0
1.2.276.0.7230010.3.1.4.8323329.2097.1517875171.153280.png,0,0
1.2.276.0.7230010.3.1.4.8323329.2122.1517875171.265904.png,1,0
1.2.276.0.7230010.3.1.4.8323329.2136.1517875171.310190.png,3,0
1.2.276.0.7230010.3.1.4.8323329.2151.1517875171.380914.png,0,0
1.2.276.0.7230010.3.1.4.8323329.2161.1517875171.418563.png,3,1
1.2.276.0.7230010.3.1.4.8323329.2172.1517875171.492217.png,0,0
1.2.276.0.7230010.3.1.4.8323329.2175.1517875171.495418.png,3,1
1.2.276.0.7230010.3.1.4.8323329.2182.1517875171.532604.png,3,0
1.2.276.0.7230010.3.1.4.8323329.2195.1517875171.595132.png,2,0
1.2.276.0.7230010.3.1.4.8323329.2200.1517875171.609162.png,1,0
1.2.276.0.7230010.3.1.4.8323329.2207.1517875171.635788.png,4,0
1.2.276.0.7230010.3.1.4.8323329.2208.1517875171.641241.png,4,0
1.2.276.0.7230010.3.1.4.8323329.2217.1517875171.677412.png,4,0
1.2.276.0.7230010.3.1.4.8323329.2222.1517875171.702165.png,3,0
1.2.276.0.7230010.3.1.4.8323329.2229.1517875171.736202.png,1,1
1.2.276.0.7230010.3.1.4.8323329.2237.1517875171.754147.png,0,0
1.2.276.0.7230010.3.1.4.8323329.2240.1517875171.766846.png,0,0
1.2.276.0.7230010.3.1.4.8323329.2244.1517875171.776116.png,3,1
1.2.276.0.7230010.3.1.4.8323329.2250.1517875171.808735.png,1,0
1.2.276.0.7230010.3.1.4.8323329.2257.1517875171.830491.png,1,0
1.2.276.0.7230010.3.1.4.8323329.2278.1517875171.915442.png,2,0
1.2.276.0.7230010.3.1.4.8323329.2307.1517875172.62697.png,3,0
1.2.276.0.7230010.3.1.4.8323329.2314.1517875172.124381.png,0,0
1.2.276.0.7230010.3.1.4.8323329.2336.1517875172.243921.png,2,0
1.2.276.0.7230010.3.1.4.8323329.2351.1517875172.310296.png,0,0
1.2.276.0.7230010.3.1.4.8323329.2354.1517875172.317222.png,3,0
1.2.276.0.7230010.3.1.4.8323329.2368.1517875172.379263.png,3,1
1.2.276.0.7230010.3.1.4.8323329.2385.1517875172.478313.png,2,1
1.2.276.0.7230010.3.1.4.8323329.2388.1517875172.497216.png,2,0
1.2.276.0.7230010.3.1.4.8323329.2390.1517875172.512585.png,0,0
1.2.276.0.7230010.3.1.4.8323329.2409.1517875172.585152.png,0,0
1.2.276.0.7230010.3.1.4.8323329.2421.1517875172.635738.png,2,1
1.2.276.0.7230010.3.1.4.8323329.2422.1517875172.628584.png,3,0
1.2.276.0.7230010.3.1.4.8323329.2429.1517875172.653240.png,2,0
1.2.276.0.7230010.3.1.4.8323329.2433.1517875172.703107.png,1,1
1.2.276.0.7230010.3.1.4.8323329.2435.1517875172.716988.png,2,0
1.2.276.0.7230010.3.1.4.8323329.2437.1517875172.726797.png,4,0
1.2.276.0.7230010.3.1.4.8323329.2454.1517875172.817230.png,0,0
1.2.276.0.7230010.3.1.4.8323329.2459.1517875172.853488.png,3,1
1.2.276.0.7230010.3.1.4.8323329.2469.1517875172.912453.png,3,0
1.2.276.0.7230010.3.1.4.8323329.2504.1517875173.72264.png,2,0
1.2.276.0.7230010.3.1.4.8323329.2513.1517875173.113616.png,3,0
1.2.276.0.7230010.3.1.4.8323329.2516.1517875173.123770.png,4,0
1.2.276.0.7230010.3.1.4.8323329.2524.1517875173.179754.png,0,0
1.2.276.0.7230010.3.1.4.8323329.2542.1517875173.291111.png,1,1
1.2.276.0.7230010.3.1.4.8323329.2544.1517875173.301339.png,1,0
1.2.276.0.7230010.3.1.4.8323329.2564.1517875173.446982.png,2,0
1.2.276.0.7230010.3.1.4.8323329.2568.1517875173.455483.png,3,0
1.2.276.0.7230010.3.1.4.8323329.2571.1517875173.497055.png,1,0
1.2.276.0.7230010.3.1.4.8323329.2596.1517875173.651650.png,1,0
1.2.276.0.7230010.3.1.4.8323329.2600.1517875173.664641.png,2,0
1.2.276.0.7230010.3.1.4.8323329.2602.1517875173.666426.png,4,0
1.2.276.0.7230010.3.1.4.8323329.2637.1517875173.823930.png,3,0
1.2.276.0.7230010.3.1.4.8323329.2638.1517875173.830303.png,1,0
1.2.276.0.7230010.3.1.4.8323329.2653.1517875173.887747.png,2,0
1.2.276.0.7230010.3.1.4.8323329.2683.1517875174.33199.png,0,0
1.2.276.0.7230010.3.1.4.8323329.2691.1517875174.71322.png,0,0
1.2.276.0.7230010.3.1.4.8323329.2695.1517875174.90064.png,0,0
1.2.276.0.7230010.3.1.4.8323329.2697.1517875174.97170.png,1,0
1.2.276.0.7230010.3.1.4.8323329.2723.1517875174.268600.png,1,1
1.2.276.0.7230010.3.1.4.8323329.2735.1517875174.333043.png,1,0
1.2.276.0.7230010.3.1.4.8323329.2743.1517875174.392411.png,0,1
1.2.276.0.7230010.3.1.4.8323329.2751.1517875174.472847.png,3,0
1.2.276.0.7230010.3.1.4.8323329.2758.1517875174.568384.png,3,0
1.2.276.0.7230010.3.1.4.8323329.2759.1517875174.578599.png,4,0
1.2.276.0.7230010.3.1.4.8323329.2760.1517875174.575284.png,0,0
1.2.276.0.7230010.3.1.4.8323329.2772.1517875174.628764.png,2,1
1.2.276.0.7230010.3.1.4.8323329.2774.1517875174.639065.png,3,0
1.2.276.0.7230010.3.1.4.8323329.2784.1517875174.687339.png,0,0
1.2.276.0.7230010.3.1.4.8323329.2792.1517875174.755330.png,2,1
1.2.276.0.7230010.3.1.4.8323329.2797.1517875174.778363.png,1,1
1.2.276.0.7230010.3.1.4.8323329.2821.1517875174.897493.png,1,0
1.2.276.0.7230010.3.1.4.8323329.2824.1517875174.906160.png,0,0
1.2.276.0.7230010.3.1.4.8323329.2829.1517875174.948323.png,0,0
1.2.276.0.7230010.3.1.4.8323329.2852.1517875175.87946.png,4,0
1.2.276.0.7230010.3.1.4.8323329.2858.1517875175.102926.png,1,0
1.2.276.0.7230010.3.1.4.8323329.2866.1517875175.140467.png,3,0
1.2.276.0.7230010.3.1.4.8323329.2872.1517875175.153774.png,2,1
1.2.276.0.7230010.3.1.4.8323329.2874.1517875175.174019.png,3,1
1.2.276.0.7230010.3.1.4.8323329.2877.1517875175.180317.png,1,1
1.2.276.0.7230010.3.1.4.8323329.2883.1517875175.209994.png,2,0
1.2.276.0.7230010.3.1.4.8323329.2962.1517875175.469039.png,3,0
1.2.276.0.7230010.3.1.4.8323329.2966.1517875175.490358.png,1,0
1.2.276.0.7230010.3.1.4.8323329.2970.1517875175.494832.png,2,0
1.2.276.0.7230010.3.1.4.8323329.3033.1517875175.734298.png,4,0
1.2.276.0.7230010.3.1.4.8323329.3079.1517875175.957058.png,3,0
1.2.276.0.7230010.3.1.4.8323329.3080.1517875175.961840.png,2,0
1.2.276.0.7230010.3.1.4.8323329.3103.1517875176.114549.png,4,0
1.2.276.0.7230010.3.1.4.8323329.3110.1517875176.151774.png,1,1
1.2.276.0.7230010.3.1.4.8323329.3118.1517875176.174898.png,4,0
1.2.276.0.7230010.3.1.4.8323329.3139.1517875176.299102.png,2,1
1.2.276.0.7230010.3.1.4.8323329.314.1517875162.344457.png,0,0
1.2.276.0.7230010.3.1.4.8323329.31643.1517875156.72769.png,4,1
1.2.276.0.7230010.3.1.4.8323329.31645.1517875156.73365.png,3,0
1.2.276.0.7230010.3.1.4.8323329.31650.1517875156.50390.png,1,1
1.2.276.0.7230010.3.1.4.8323329.31660.1517875156.198907.png,1,0
1.2.276.0.7230010.3.1.4.8323329.31661.1517875156.190555.png,1,0
1.2.276.0.7230010.3.1.4.8323329.31666.1517875156.214364.png,2,0
1.2.276.0.7230010.3.1.4.8323329.31667.1517875156.221085.png,3,0
1.2.276.0.7230010.3.1.4.8323329.31668.1517875156.221571.png,4,0
1.2.276.0.7230010.3.1.4.8323329.31670.1517875156.225110.png,0,0
1.2.276.0.7230010.3.1.4.8323329.31691.1517875156.352314.png,3,1
1.2.276.0.7230010.3.1.4.8323329.317.1517875162.369996.png,4,0
1.2.276.0.7230010.3.1.4.8323329.31705.1517875156.401348.png,2,0
1.2.276.0.7230010.3.1.4.8323329.31707.1517875156.417409.png,3,0
1.2.276.0.7230010.3.1.4.8323329.31713.1517875156.424918.png,2,0
1.2.276.0.7230010.3.1.4.8323329.31734.1517875156.528454.png,0,0
1.2.276.0.7230010.3.1.4.8323329.31748.1517875156.603377.png,0,1
1.2.276.0.7230010.3.1.4.8323329.3176.1517875176.457022.png,0,0
1.2.276.0.7230010.3.1.4.8323329.31763.1517875156.711531.png,4,1
1.2.276.0.7230010.3.1.4.8323329.31764.1517875156.691740.png,0,0
1.2.276.0.7230010.3.1.4.8323329.31765.1517875156.716197.png,1,0
1.2.276.0.7230010.3.1.4.8323329.3177.1517875176.445287.png,3,1
1.2.276.0.7230010.3.1.4.8323329.31780.1517875156.797287.png,2,0
1.2.276.0.7230010.3.1.4.8323329.31785.1517875156.822273.png,2,0
1.2.276.0.7230010.3.1.4.8323329.31786.1517875156.825026.png,3,1
1.2.276.0.7230010.3.1.4.8323329.3179.1517875176.452964.png,3,0
1.2.276.0.7230010.3.1.4.8323329.31807.1517875156.972554.png,0,0
1.2.276.0.7230010.3.1.4.8323329.31818.1517875157.17190.png,3,0
1.2.276.0.7230010.3.1.4.8323329.3185.1517875176.478174.png,4,0
1.2.276.0.7230010.3.1.4.8323329.31863.1517875157.197636.png,0,0
1.2.276.0.7230010.3.1.4.8323329.31867.1517875157.221265.png,0,1
1.2.276.0.7230010.3.1.4.8323329.31876.1517875157.268833.png,3,1
1.2.276.0.7230010.3.1.4.8323329.31889.1517875157.337314.png,0,0
1.2.276.0.7230010.3.1.4.8323329.31912.1517875157.460010.png,1,0
1.2.276.0.7230010.3.1.4.8323329.31923.1517875157.513633.png,0,0
1.2.276.0.7230010.3.1.4.8323329.31927.1517875157.524439.png,3,0
1.2.276.0.7230010.3.1.4.8323329.31929.1517875157.540018.png,3,1
1.2.276.0.7230010.3.1.4.8323329.31931.1517875157.544963.png,2,0
1.2.276.0.7230010.3.1.4.8323329.31932.1517875157.545946.png,0,1
1.2.276.0.7230010.3.1.4.8323329.31934.1517875157.561952.png,0,0
1.2.276.0.7230010.3.1.4.8323329.31941.1517875157.590337.png,3,1
1.2.276.0.7230010.3.1.4.8323329.31946.1517875157.626485.png,1,0
1.2.276.0.7230010.3.1.4.8323329.31965.1517875157.748639.png,3,0
1.2.276.0.7230010.3.1.4.8323329.31967.1517875157.748432.png,0,1
1.2.276.0.7230010.3.1.4.8323329.31976.1517875157.813429.png,4,1
1.2.276.0.7230010.3.1.4.8323329.31981.1517875157.828282.png,0,0
1.2.276.0.7230010.3.1.4.8323329.31985.1517875157.852312.png,3,0
1.2.276.0.7230010.3.1.4.8323329.3199.1517875176.555631.png,4,0
1.2.276.0.7230010.3.1.4.8323329.31996.1517875157.923956.png,2,0
1.2.276.0.7230010.3.1.4.8323329.31997.1517875157.937445.png,2,0
1.2.276.0.7230010.3.1.4.8323329.32001.1517875157.950380.png,1,0
1.2.276.0.7230010.3.1.4.8323329.32016.1517875158.16974.png,2,0
1.2.276.0.7230010.3.1.4.8323329.32023.1517875158.63419.png,3,1
1.2.276.0.7230010.3.1.4.8323329.32040.1517875158.152764.png,4,0
1.2.276.0.7230010.3.1.4.8323329.32051.1517875158.199240.png,3,0
1.2.276.0.7230010.3.1.4.8323329.32060.1517875158.251634.png,0,0
1.2.276.0.7230010.3.1.4.8323329.32064.1517875158.253864.png,2,0
1.2.276.0.7230010.3.1.4.8323329.32065.1517875158.258753.png,2,0
1.2.276.0.7230010.3.1.4.8323329.32073.1517875158.288169.png,0,0
1.2.276.0.7230010.3.1.4.8323329.32081.1517875158.338812.png,2,0
1.2.276.0.7230010.3.1.4.8323329.32083.1517875158.350169.png,3,0
1.2.276.0.7230010.3.1.4.8323329.3209.1517875176.611814.png,3,1
1.2.276.0.7230010.3.1.4.8323329.32133.1517875158.616122.png,2,0
1.2.276.0.7230010.3.1.4.8323329.32138.1517875158.641464.png,3,0
1.2.276.0.7230010.3.1.4.8323329.32141.1517875158.654188.png,2,0
1.2.276.0.7230010.3.1.4.8323329.32143.1517875158.666469.png,0,0
1.2.276.0.7230010.3.1.4.8323329.32145.1517875158.667121.png,2,0
1.2.276.0.7230010.3.1.4.8323329.32155.1517875158.759379.png,1,0
1.2.276.0.7230010.3.1.4.8323329.32159.1517875158.751133.png,1,1
1.2.276.0.7230010.3.1.4.8323329.32166.1517875158.811313.png,1,0
1.2.276.0.7230010.3.1.4.8323329.32195.1517875158.968948.png,3,0
1.2.276.0.7230010.3.1.4.8323329.32197.1517875158.978910.png,3,1
1.2.276.0.7230010.3.1.4.8323329.32202.1517875158.997576.png,1,0
1.2.276.0.7230010.3.1.4.8323329.32210.1517875159.35792.png,3,0
1.2.276.0.7230010.3.1.4.8323329.32216.1517875159.54881.png,2,1
1.2.276.0.7230010.3.1.4.8323329.32219.1517875159.70802.png,0,0
1.2.276.0.7230010.3.1.4.8323329.3222.1517875176.695778.png,1,0
1.2.276.0.7230010.3.1.4.8323329.32226.1517875159.112159.png,1,0
1.2.276.0.7230010.3.1.4.8323329.32237.1517875159.179297.png,2,0
1.2.276.0.7230010.3.1.4.8323329.32251.1517875159.241658.png,3,0
1.2.276.0.7230010.3.1.4.8323329.32268.1517875159.301083.png,0,0
1.2.276.0.7230010.3.1.4.8323329.32278.1517875159.329760.png,1,0
1.2.276.0.7230010.3.1.4.8323329.32280.1517875159.351303.png,3,0
1.2.276.0.7230010.3.1.4.8323329.32283.1517875159.393350.png,2,0
1.2.276.0.7230010.3.1.4.8323329.32294.1517875159.735146.png,2,0
1.2.276.0.7230010.3.1.4.8323329.32296.1517875159.755383.png,1,0
1.2.276.0.7230010.3.1.4.8323329.32312.1517875159.978512.png,0,1
1.2.276.0.7230010.3.1.4.8323329.32321.1517875160.42380.png,3,0
1.2.276.0.7230010.3.1.4.8323329.32329.1517875160.91430.png,1,0
1.2.276.0.7230010.3.1.4.8323329.3233.1517875176.774043.png,1,0
1.2.276.0.7230010.3.1.4.8323329.32331.1517875160.71707.png,4,0
1.2.276.0.7230010.3.1.4.8323329.3234.1517875176.774624.png,3,0
1.2.276.0.7230010.3.1.4.8323329.3235.1517875176.801394.png,1,0
1.2.276.0.7230010.3.1.4.8323329.32360.1517875160.217443.png,0,1
1.2.276.0.7230010.3.1.4.8323329.32363.1517875160.230803.png,0,0
1.2.276.0.7230010.3.1.4.8323329.32372.1517875160.259838.png,1,0
1.2.276.0.7230010.3.1.4.8323329.32377.1517875160.282074.png,1,0
1.2.276.0.7230010.3.1.4.8323329.32379.1517875160.296469.png,0,0
1.2.276.0.7230010.3.1.4.8323329.32398.1517875160.405912.png,2,0
1.2.276.0.7230010.3.1.4.8323329.32408.1517875160.453845.png,0,0
1.2.276.0.7230010.3.1.4.8323329.32410.1517875160.466574.png,1,0
1.2.276.0.7230010.3.1.4.8323329.32428.1517875160.544374.png,0,0
1.2.276.0.7230010.3.1.4.8323329.32433.1517875160.571504.png,2,1
1.2.276.0.7230010.3.1.4.8323329.32451.1517875160.672458.png,3,0
1.2.276.0.7230010.3.1.4.8323329.3247.1517875176.887708.png,1,0
1.2.276.0.7230010.3.1.4.8323329.32470.1517875160.759397.png,0,1
1.2.276.0.7230010.3.1.4.8323329.32472.1517875160.767538.png,4,0
1.2.276.0.7230010.3.1.4.8323329.32478.1517875160.791246.png,1,0
1.2.276.0.7230010.3.1.4.8323329.32494.1517875160.864390.png,3,0
1.2.276.0.7230010.3.1.4.8323329.32500.1517875160.888047.png,1,1
1.2.276.0.7230010.3.1.4.8323329.32516.1517875160.956624.png,4,0
1.2.276.0.7230010.3.1.4.8323329.3252.1517875176.891811.png,1,0
1.2.276.0.7230010.3.1.4.8323329.32534.1517875161.37655.png,4,0
1.2.276.0.7230010.3.1.4.8323329.32541.1517875161.97018.png,3,0
1.2.276.0.7230010.3.1.4.8323329.32552.1517875161.146890.png,1,0
1.2.276.0.7230010.3.1.4.8323329.32594.1517875161.399382.png,2,0
1.2.276.0.7230010.3.1.4.8323329.3260.1517875176.938735.png,1,0
1.2.276.0.7230010.3.1.4.8323329.32606.1517875161.451676.png,4,0
1.2.276.0.7230010.3.1.4.8323329.32609.1517875161.460309.png,0,1
1.2.276.0.7230010.3.1.4.8323329.32640.1517875161.583174.png,3,0
1.2.276.0.7230010.3.1.4.8323329.32650.1517875161.635932.png,4,0
1.2.276.0.7230010.3.1.4.8323329.32664.1517875161.695355.png,3,0
1.2.276.0.7230010.3.1.4.8323329.32667.1517875161.716154.png,3,0
1.2.276.0.7230010.3.1.4.8323329.32676.1517875161.751758.png,3,0
1.2.276.0.7230010.3.1.4.8323329.32711.1517875161.917336.png,2,1
1.2.276.0.7230010.3.1.4.8323329.32712.1517875161.923428.png,0,1
1.2.276.0.7230010.3.1.4.8323329.32718.1517875161.960583.png,2,0
1.2.276.0.7230010.3.1.4.8323329.32724.1517875161.985602.png,0,0
1.2.276.0.7230010.3.1.4.8323329.32740.1517875162.113811.png,3,0
1.2.276.0.7230010.3.1.4.8323329.32752.1517875162.169303.png,2,1
1.2.276.0.7230010.3.1.4.8323329.32754.1517875162.176078.png,0,0
1.2.276.0.7230010.3.1.4.8323329.32759.1517875162.212558.png,1,0
1.2.276.0.7230010.3.1.4.8323329.32762.1517875162.235692.png,3,1
1.2.276.0.7230010.3.1.4.8323329.3298.1517875177.148786.png,4,0
1.2.276.0.7230010.3.1.4.8323329.3311.1517875177.197066.png,2,0
1.2.276.0.7230010.3.1.4.8323329.3315.1517875177.208838.png,1,0
1.2.276.0.7230010.3.1.4.8323329.3323.1517875177.258576.png,4,0
1.2.276.0.7230010.3.1.4.8323329.3328.1517875177.295239.png,3,0
1.2.276.0.7230010.3.1.4.8323329.3341.1517875177.341817.png,1,0
1.2.276.0.7230010.3.1.4.8323329.3348.1517875177.424659.png,3,0
1.2.276.0.7230010.3.1.4.8323329.3354.1517875177.448935.png,2,0
1.2.276.0.7230010.3.1.4.8323329.3377.1517875177.561423.png,3,0
1.2.276.0.7230010.3.1.4.8323329.3391.1517875177.635048.png,1,0
1.2.276.0.7230010.3.1.4.8323329.3401.1517875177.675524.png,3,0
1.2.276.0.7230010.3.1.4.8323329.3425.1517875177.791577.png,4,1
1.2.276.0.7230010.3.1.4.8323329.3427.1517875177.802582.png,3,0
1.2.276.0.7230010.3.1.4.8323329.3438.1517875177.844536.png,4,1
1.2.276.0.7230010.3.1.4.8323329.3444.1517875177.871518.png,2,1
1.2.276.0.7230010.3.1.4.8323329.3463.1517875177.949983.png,3,0
1.2.276.0.7230010.3.1.4.8323329.347.1517875162.506017.png,2,0
1.2.276.0.7230010.3.1.4.8323329.3470.1517875177.987213.png,0,0
1.2.276.0.7230010.3.1.4.8323329.3493.1517875178.76374.png,2,0
1.2.276.0.7230010.3.1.4.8323329.3502.1517875178.124390.png,1,1
1.2.276.0.7230010.3.1.4.8323329.3504.1517875178.134059.png,3,1
1.2.276.0.7230010.3.1.4.8323329.3509.1517875178.162657.png,2,0
1.2.276.0.7230010.3.1.4.8323329.3511.1517875178.163702.png,1,0
1.2.276.0.7230010.3.1.4.8323329.3512.1517875178.170726.png,4,0
1.2.276.0.7230010.3.1.4.8323329.3517.1517875178.191502.png,4,0
1.2.276.0.7230010.3.1.4.8323329.3530.1517875178.249137.png,1,0
1.2.276.0.7230010.3.1.4.8323329.3550.1517875178.367616.png,1,1
1.2.276.0.7230010.3.1.4.8323329.3554.1517875178.390157.png,0,0
1.2.276.0.7230010.3.1.4.8323329.3585.1517875178.568060.png,3,0
1.2.276.0.7230010.3.1.4.8323329.3589.1517875178.587324.png,0,0
1.2.276.0.7230010.3.1.4.8323329.3598.1517875178.640742.png,4,0
1.2.276.0.7230010.3.1.4.8323329.3612.1517875178.684725.png,2,0
1.2.276.0.7230010.3.1.4.8323329.3616.1517875178.693961.png,0,0
1.2.276.0.7230010.3.1.4.8323329.3617.1517875178.698690.png,2,0
1.2.276.0.7230010.3.1.4.8323329.3626.1517875178.720627.png,4,1
1.2.276.0.7230010.3.1.4.8323329.3638.1517875178.785259.png,4,0
1.2.276.0.7230010.3.1.4.8323329.3642.1517875178.802201.png,0,0
1.2.276.0.7230010.3.1.4.8323329.3669.1517875178.928629.png,0,0
1.2.276.0.7230010.3.1.4.8323329.3679.1517875178.973051.png,1,1
1.2.276.0.7230010.3.1.4.8323329.370.1517875162.592466.png,1,0
1.2.276.0.7230010.3.1.4.8323329.3707.1517875179.88657.png,0,1
1.2.276.0.7230010.3.1.4.8323329.3709.1517875179.104083.png,0,0
1.2.276.0.7230010.3.1.4.8323329.3713.1517875179.123371.png,0,0
1.2.276.0.7230010.3.1.4.8323329.3715.1517875179.123946.png,2,0
1.2.276.0.7230010.3.1.4.8323329.3721.1517875179.153058.png,1,1
1.2.276.0.7230010.3.1.4.8323329.3722.1517875179.149102.png,4,1
1.2.276.0.7230010.3.1.4.8323329.3723.1517875179.160309.png,0,0
1.2.276.0.7230010.3.1.4.8323329.3742.1517875179.241502.png,2,0
1.2.276.0.7230010.3.1.4.8323329.3748.1517875179.264008.png,3,0
1.2.276.0.7230010.3.1.4.8323329.375.1517875162.621322.png,3,0
1.2.276.0.7230010.3.1.4.8323329.3758.1517875179.300314.png,2,0
1.2.276.0.7230010.3.1.4.8323329.3759.1517875179.304255.png,0,0
1.2.276.0.7230010.3.1.4.8323329.3762.1517875179.334004.png,4,1
1.2.276.0.7230010.3.1.4.8323329.3765.1517875179.328110.png,2,1
1.2.276.0.7230010.3.1.4.8323329.3807.1517875179.585476.png,1,0
1.2.276.0.7230010.3.1.4.8323329.3828.1517875179.686500.png,3,0
1.2.276.0.7230010.3.1.4.8323329.3860.1517875179.835693.png,4,1
1.2.276.0.7230010.3.1.4.8323329.3864.1517875179.864062.png,2,1
1.2.276.0.7230010.3.1.4.8323329.3881.1517875179.962365.png,0,0
1.2.276.0.7230010.3.1.4.8323329.3884.1517875179.968052.png,4,0
1.2.276.0.7230010.3.1.4.8323329.3893.1517875180.3845.png,1,1
1.2.276.0.7230010.3.1.4.8323329.3926.1517875180.155131.png,0,0
1.2.276.0.7230010.3.1.4.8323329.3930.1517875180.176136.png,3,1
1.2.276.0.7230010.3.1.4.8323329.394.1517875162.744284.png,1,0
1.2.276.0.7230010.3.1.4.8323329.396.1517875162.761721.png,0,0
1.2.276.0.7230010.3.1.4.8323329.3967.1517875180.392154.png,0,1
1.2.276.0.7230010.3.1.4.8323329.398.1517875162.768699.png,0,0
1.2.276.0.7230010.3.1.4.8323329.3981.1517875180.486521.png,4,0
1.2.276.0.7230010.3.1.4.8323329.3997.1517875180.565105.png,0,0
1.2.276.0.7230010.3.1.4.8323329.4002.1517875180.585064.png,1,0
1.2.276.0.7230010.3.1.4.8323329.4004.1517875180.609434.png,1,1
1.2.276.0.7230010.3.1.4.8323329.4006.1517875180.618451.png,1,0
1.2.276.0.7230010.3.1.4.8323329.4016.1517875180.661280.png,4,0
1.2.276.0.7230010.3.1.4.8323329.404.1517875162.798158.png,4,0
1.2.276.0.7230010.3.1.4.8323329.4044.1517875180.836603.png,4,1
1.2.276.0.7230010.3.1.4.8323329.4047.1517875180.855708.png,1,0
1.2.276.0.7230010.3.1.4.8323329.4057.1517875180.892634.png,1,0
1.2.276.0.7230010.3.1.4.8323329.4064.1517875180.919110.png,0,0
1.2.276.0.7230010.3.1.4.8323329.4069.1517875180.960742.png,4,0
1.2.276.0.7230010.3.1.4.8323329.4096.1517875181.107461.png,1,0
1.2.276.0.7230010.3.1.4.8323329.4102.1517875181.126517.png,0,0
1.2.276.0.7230010.3.1.4.8323329.4115.1517875181.193258.png,0,0
1.2.276.0.7230010.3.1.4.8323329.4125.1517875181.238913.png,0,0
1.2.276.0.7230010.3.1.4.8323329.4133.1517875181.272105.png,1,0
1.2.276.0.7230010.3.1.4.8323329.4136.1517875181.284306.png,1,0
1.2.276.0.7230010.3.1.4.8323329.4137.1517875181.292485.png,3,0
1.2.276.0.7230010.3.1.4.8323329.4138.1517875181.301175.png,0,0
1.2.276.0.7230010.3.1.4.8323329.4140.1517875181.313262.png,0,0
1.2.276.0.7230010.3.1.4.8323329.4144.1517875181.337594.png,3,0
1.2.276.0.7230010.3.1.4.8323329.4148.1517875181.361652.png,3,1
1.2.276.0.7230010.3.1.4.8323329.4150.1517875181.365150.png,3,0
1.2.276.0.7230010.3.1.4.8323329.4156.1517875181.399618.png,0,0
1.2.276.0.7230010.3.1.4.8323329.4172.1517875181.498459.png,2,0
1.2.276.0.7230010.3.1.4.8323329.4201.1517875181.707306.png,0,0
1.2.276.0.7230010.3.1.4.8323329.4220.1517875181.794015.png,2,0
1.2.276.0.7230010.3.1.4.8323329.4222.1517875181.797202.png,1,0
1.2.276.0.7230010.3.1.4.8323329.4224.1517875181.811289.png,4,0
1.2.276.0.7230010.3.1.4.8323329.4234.1517875181.847945.png,0,0
1.2.276.0.7230010.3.1.4.8323329.4242.1517875181.862335.png,0,1
1.2.276.0.7230010.3.1.4.8323329.4246.1517875181.873389.png,0,0
1.2.276.0.7230010.3.1.4.8323329.4253.1517875181.919891.png,4,0
1.2.276.0.7230010.3.1.4.8323329.4258.1517875181.973840.png,3,0
1.2.276.0.7230010.3.1.4.8323329.4260.1517875181.1486.png,1,0
1.2.276.0.7230010.3.1.4.8323329.427.1517875162.888913.png,4,0
1.2.276.0.7230010.3.1.4.8323329.4273.1517875182.56762.png,3,1
1.2.276.0.7230010.3.1.4.8323329.4282.1517875182.110313.png,2,0
1.2.276.0.7230010.3.1.4.8323329.4293.1517875182.150957.png,2,0
1.2.276.0.7230010.3.1.4.8323329.4304.1517875182.187653.png,1,0
1.2.276.0.7230010.3.1.4.8323329.4306.1517875182.204893.png,1,0
1.2.276.0.7230010.3.1.4.8323329.4328.1517875182.311839.png,4,0
1.2.276.0.7230010.3.1.4.8323329.4343.1517875182.374454.png,2,1
1.2.276.0.7230010.3.1.4.8323329.4344.1517875182.377198.png,3,0
1.2.276.0.7230010.3.1.4.8323329.4366.1517875182.502232.png,2,1
1.2.276.0.7230010.3.1.4.8323329.4367.1517875182.507110.png,2,0
1.2.276.0.7230010.3.1.4.8323329.4399.1517875182.649519.png,1,0
1.2.276.0.7230010.3.1.4.8323329.4427.1517875182.818135.png,1,0
1.2.276.0.7230010.3.1.4.8323329.4432.1517875182.843613.png,0,0
1.2.276.0.7230010.3.1.4.8323329.4447.1517875182.904519.png,1,0
1.2.276.0.7230010.3.1.4.8323329.4457.1517875182.950897.png,1,0
1.2.276.0.7230010.3.1.4.8323329.4469.1517875183.18796.png,1,1
1.2.276.0.7230010.3.1.4.8323329.4475.1517875183.64202.png,4,0
1.2.276.0.7230010.3.1.4.8323329.4478.1517875183.77797.png,0,0
1.2.276.0.7230010.3.1.4.8323329.4479.1517875183.79555.png,3,0
1.2.276.0.7230010.3.1.4.8323329.4480.1517875183.82944.png,1,0
1.2.276.0.7230010.3.1.4.8323329.4487.1517875183.115597.png,0,1
1.2.276.0.7230010.3.1.4.8323329.4489.1517875183.118690.png,0,0
1.2.276.0.7230010.3.1.4.8323329.4495.1517875183.143425.png,2,0
1.2.276.0.7230010.3.1.4.8323329.4503.1517875183.187183.png,1,1
1.2.276.0.7230010.3.1.4.8323329.4515.1517875183.250981.png,2,1
1.2.276.0.7230010.3.1.4.8323329.452.1517875162.2142.png,4,0
1.2.276.0.7230010.3.1.4.8323329.4524.1517875183.297076.png,3,0
1.2.276.0.7230010.3.1.4.8323329.4537.1517875183.348090.png,0,0
1.2.276.0.7230010.3.1.4.8323329.4538.1517875183.350295.png,0,0
1.2.276.0.7230010.3.1.4.8323329.4551.1517875183.407216.png,4,1
1.2.276.0.7230010.3.1.4.8323329.4553.1517875183.420292.png,4,1
1.2.276.0.7230010.3.1.4.8323329.4561.1517875183.443650.png,0,0
1.2.276.0.7230010.3.1.4.8323329.4564.1517875183.508853.png,3,0
1.2.276.0.7230010.3.1.4.8323329.4573.1517875183.559809.png,4,1
1.2.276.0.7230010.3.1.4.8323329.4592.1517875183.647873.png,4,0
1.2.276.0.7230010.3.1.4.8323329.4602.1517875183.677554.png,1,0
1.2.276.0.7230010.3.1.4.8323329.462.1517875163.54988.png,2,0
1.2.276.0.7230010.3.1.4.8323329.4624.1517875183.795379.png,1,0
1.2.276.0.7230010.3.1.4.8323329.4626.1517875183.803149.png,0,0
1.2.276.0.7230010.3.1.4.8323329.463.1517875163.62182.png,1,0
1.2.276.0.7230010.3.1.4.8323329.4648.1517875183.978599.png,2,0
1.2.276.0.7230010.3.1.4.8323329.4653.1517875183.2034.png,2,1
1.2.276.0.7230010.3.1.4.8323329.4671.1517875184.56649.png,0,0
1.2.276.0.7230010.3.1.4.8323329.4688.1517875184.119380.png,2,0
1.2.276.0.7230010.3.1.4.8323329.4694.1517875184.144128.png,1,0
1.2.276.0.7230010.3.1.4.8323329.4698.1517875184.188970.png,1,1
1.2.276.0.7230010.3.1.4.8323329.4721.1517875184.301642.png,3,0
1.2.276.0.7230010.3.1.4.8323329.4732.1517875184.389554.png,2,0
1.2.276.0.7230010.3.1.4.8323329.4747.1517875184.602287.png,3,0
1.2.276.0.7230010.3.1.4.8323329.4749.1517875184.578320.png,0,0
1.2.276.0.7230010.3.1.4.8323329.4753.1517875184.611783.png,3,0
1.2.276.0.7230010.3.1.4.8323329.4761.1517875184.628718.png,2,0
1.2.276.0.7230010.3.1.4.8323329.477.1517875163.135825.png,3,0
1.2.276.0.7230010.3.1.4.8323329.4772.1517875184.690565.png,2,0
1.2.276.0.7230010.3.1.4.8323329.4778.1517875184.718992.png,4,0
1.2.276.0.7230010.3.1.4.8323329.478.1517875163.136295.png,4,0
1.2.276.0.7230010.3.1.4.8323329.4789.1517875184.815983.png,4,0
1.2.276.0.7230010.3.1.4.8323329.4801.1517875184.873847.png,0,1
1.2.276.0.7230010.3.1.4.8323329.4804.1517875184.900445.png,4,0
1.2.276.0.7230010.3.1.4.8323329.482.1517875163.139408.png,2,0
1.2.276.0.7230010.3.1.4.8323329.4829.1517875185.28029.png,3,0
1.2.276.0.7230010.3.1.4.8323329.4832.1517875185.36480.png,4,1
1.2.276.0.7230010.3.1.4.8323329.4846.1517875185.91498.png,4,0
1.2.276.0.7230010.3.1.4.8323329.485.1517875163.163571.png,1,0
1.2.276.0.7230010.3.1.4.8323329.4871.1517875185.185952.png,4,1
1.2.276.0.7230010.3.1.4.8323329.488.1517875163.169307.png,2,0
1.2.276.0.7230010.3.1.4.8323329.489.1517875163.169250.png,0,0
1.2.276.0.7230010.3.1.4.8323329.4893.1517875185.298621.png,3,0
1.2.276.0.7230010.3.1.4.8323329.4901.1517875185.332642.png,1,0
1.2.276.0.7230010.3.1.4.8323329.4905.1517875185.363996.png,4,1
1.2.276.0.7230010.3.1.4.8323329.4913.1517875185.426119.png,2,0
1.2.276.0.7230010.3.1.4.8323329.4914.1517875185.432022.png,4,0
1.2.276.0.7230010.3.1.4.8323329.4937.1517875185.552993.png,0,1
1.2.276.0.7230010.3.1.4.8323329.4940.1517875185.567444.png,4,0
1.2.276.0.7230010.3.1.4.8323329.4948.1517875185.631254.png,4,0
1.2.276.0.7230010.3.1.4.8323329.4959.1517875185.690583.png,3,1
1.2.276.0.7230010.3.1.4.8323329.496.1517875163.190846.png,4,0
1.2.276.0.7230010.3.1.4.8323329.497.1517875163.185132.png,1,1
1.2.276.0.7230010.3.1.4.8323329.4981.1517875185.834231.png,0,1
1.2.276.0.7230010.3.1.4.8323329.4982.1517875185.837576.png,2,1
1.2.276.0.7230010.3.1.4.8323329.4986.1517875185.859800.png,2,0
1.2.276.0.7230010.3.1.4.8323329.4994.1517875185.886461.png,2,1
1.2.276.0.7230010.3.1.4.8323329.5001.1517875185.915949.png,2,0
1.2.276.0.7230010.3.1.4.8323329.5002.1517875185.920928.png,3,0
1.2.276.0.7230010.3.1.4.8323329.5011.1517875185.953072.png,4,0
1.2.276.0.7230010.3.1.4.8323329.5021.1517875185.984901.png,1,0
1.2.276.0.7230010.3.1.4.8323329.5046.1517875186.110965.png,3,0
1.2.276.0.7230010.3.1.4.8323329.5049.1517875186.129556.png,2,0
1.2.276.0.7230010.3.1.4.8323329.5050.1517875186.131057.png,1,0
1.2.276.0.7230010.3.1.4.8323329.5063.1517875186.239615.png,0,0
1.2.276.0.7230010.3.1.4.8323329.5073.1517875186.287848.png,1,1
1.2.276.0.7230010.3.1.4.8323329.5079.1517875186.318455.png,1,0
1.2.276.0.7230010.3.1.4.8323329.5081.1517875186.321334.png,2,0
1.2.276.0.7230010.3.1.4.8323329.5083.1517875186.332611.png,1,0
1.2.276.0.7230010.3.1.4.8323329.5089.1517875186.366787.png,0,0
1.2.276.0.7230010.3.1.4.8323329.5099.1517875186.402137.png,4,0
1.2.276.0.7230010.3.1.4.8323329.5126.1517875186.545368.png,0,0
1.2.276.0.7230010.3.1.4.8323329.5130.1517875186.563356.png,2,0
1.2.276.0.7230010.3.1.4.8323329.5131.1517875186.557572.png,4,0
1.2.276.0.7230010.3.1.4.8323329.5136.1517875186.589587.png,3,0
1.2.276.0.7230010.3.1.4.8323329.5137.1517875186.584468.png,3,0
1.2.276.0.7230010.3.1.4.8323329.5138.1517875186.592738.png,1,0
1.2.276.0.7230010.3.1.4.8323329.515.1517875163.271050.png,1,0
1.2.276.0.7230010.3.1.4.8323329.5180.1517875186.848893.png,2,1
1.2.276.0.7230010.3.1.4.8323329.5186.1517875186.865155.png,1,0
1.2.276.0.7230010.3.1.4.8323329.5188.1517875186.881687.png,4,0
1.2.276.0.7230010.3.1.4.8323329.5197.1517875186.924095.png,4,0
1.2.276.0.7230010.3.1.4.8323329.5198.1517875186.921744.png,1,0
1.2.276.0.7230010.3.1.4.8323329.5199.1517875186.924502.png,0,1
1.2.276.0.7230010.3.1.4.8323329.5200.1517875186.925660.png,3,0
1.2.276.0.7230010.3.1.4.8323329.5201.1517875186.937125.png,0,1
1.2.276.0.7230010.3.1.4.8323329.5210.1517875186.987945.png,2,0
1.2.276.0.7230010.3.1.4.8323329.5231.1517875187.99671.png,1,1
1.2.276.0.7230010.3.1.4.8323329.5247.1517875187.159494.png,4,0
1.2.276.0.7230010.3.1.4.8323329.5271.1517875187.295454.png,1,0
1.2.276.0.7230010.3.1.4.8323329.5283.1517875187.371262.png,4,0
1.2.276.0.7230010.3.1.4.8323329.5287.1517875187.393932.png,3,1
1.2.276.0.7230010.3.1.4.8323329.5303.1517875187.517783.png,3,0
1.2.276.0.7230010.3.1.4.8323329.5319.1517875187.592984.png,3,0
1.2.276.0.7230010.3.1.4.8323329.5322.1517875187.606898.png,3,1
1.2.276.0.7230010.3.1.4.8323329.533.1517875163.335668.png,3,1
1.2.276.0.7230010.3.1.4.8323329.5338.1517875187.681037.png,1,0
1.2.276.0.7230010.3.1.4.8323329.5342.1517875187.687668.png,3,1
1.2.276.0.7230010.3.1.4.8323329.5343.1517875187.696489.png,2,0
1.2.276.0.7230010.3.1.4.8323329.5347.1517875187.708647.png,1,0
1.2.276.0.7230010.3.1.4.8323329.5363.1517875187.775417.png,2,0
1.2.276.0.7230010.3.1.4.8323329.5371.1517875187.805029.png,3,0
1.2.276.0.7230010.3.1.4.8323329.5373.1517875187.819904.png,1,1
1.2.276.0.7230010.3.1.4.8323329.5378.1517875187.833647.png,4,0
1.2.276.0.7230010.3.1.4.8323329.5398.1517875187.920267.png,2,0
1.2.276.0.7230010.3.1.4.8323329.540.1517875163.355534.png,1,0
1.2.276.0.7230010.3.1.4.8323329.5459.1517875188.254775.png,1,0
1.2.276.0.7230010.3.1.4.8323329.548.1517875163.391746.png,4,0
1.2.276.0.7230010.3.1.4.8323329.5508.1517875188.575782.png,2,0
1.2.276.0.7230010.3.1.4.8323329.5536.1517875188.697339.png,4,0
1.2.276.0.7230010.3.1.4.8323329.5542.1517875188.726090.png,1,0
1.2.276.0.7230010.3.1.4.8323329.5551.1517875188.767459.png,1,0
1.2.276.0.7230010.3.1.4.8323329.5552.1517875188.772279.png,4,0
1.2.276.0.7230010.3.1.4.8323329.5553.1517875188.778825.png,2,1
1.2.276.0.7230010.3.1.4.8323329.5554.1517875188.781011.png,0,0
1.2.276.0.7230010.3.1.4.8323329.556.1517875163.421242.png,0,1
1.2.276.0.7230010.3.1.4.8323329.5562.1517875188.816238.png,4,0
1.2.276.0.7230010.3.1.4.8323329.5567.1517875188.844558.png,2,0
1.2.276.0.7230010.3.1.4.8323329.5581.1517875188.882692.png,1,0
1.2.276.0.7230010.3.1.4.8323329.5586.1517875188.905087.png,0,0
1.2.276.0.7230010.3.1.4.8323329.5599.1517875188.965681.png,4,1
1.2.276.0.7230010.3.1.4.8323329.560.1517875163.435334.png,4,1
1.2.276.0.7230010.3.1.4.8323329.5609.1517875189.27613.png,1,0
1.2.276.0.7230010.3.1.4.8323329.5614.1517875189.72888.png,0,1
1.2.276.0.7230010.3.1.4.8323329.5617.1517875189.97823.png,0,0
1.2.276.0.7230010.3.1.4.8323329.5622.1517875189.161384.png,2,0
1.2.276.0.7230010.3.1.4.8323329.5634.1517875189.213070.png,0,0
1.2.276.0.7230010.3.1.4.8323329.5637.1517875189.242847.png,4,0
1.2.276.0.7230010.3.1.4.8323329.5638.1517875189.251081.png,0,0
1.2.276.0.7230010.3.1.4.8323329.5646.1517875189.284218.png,1,1
1.2.276.0.7230010.3.1.4.8323329.5650.1517875189.325122.png,3,1
1.2.276.0.7230010.3.1.4.8323329.5651.1517875189.308283.png,0,1
1.2.276.0.7230010.3.1.4.8323329.5659.1517875189.344935.png,1,0
1.2.276.0.7230010.3.1.4.8323329.5677.1517875189.456187.png,4,0
1.2.276.0.7230010.3.1.4.8323329.5678.1517875189.486110.png,2,1
1.2.276.0.7230010.3.1.4.8323329.5685.1517875189.611832.png,2,0
1.2.276.0.7230010.3.1.4.8323329.5690.1517875189.621242.png,1,0
1.2.276.0.7230010.3.1.4.8323329.5707.1517875189.693756.png,1,0
1.2.276.0.7230010.3.1.4.8323329.5725.1517875189.774399.png,2,0
1.2.276.0.7230010.3.1.4.8323329.5727.1517875189.797829.png,3,0
1.2.276.0.7230010.3.1.4.8323329.574.1517875163.503792.png,0,1
1.2.276.0.7230010.3.1.4.8323329.5749.1517875190.142037.png,3,1
1.2.276.0.7230010.3.1.4.8323329.5750.1517875190.127062.png,0,0
1.2.276.0.7230010.3.1.4.8323329.578.1517875163.522743.png,3,1
1.2.276.0.7230010.3.1.4.8323329.5785.1517875190.570716.png,2,0
1.2.276.0.7230010.3.1.4.8323329.5789.1517875190.643990.png,0,0
